/*
 TABLE STRUCTURE GENERATED ON "http://filldb.info/"
*/


INSERT INTO `usuarios` (`idUsuario`, `matricula`, `nome`, `login`, `senha`) VALUES (1, 00000000000000001604, 'Darrin Considine Jr.', 'uvolkman', '19fdfe229b6cf2004ccdde7c7f994ddc8b6876d0ef2a4fc614e5e4bafa603538');
INSERT INTO `usuarios` (`idUsuario`, `matricula`, `nome`, `login`, `senha`) VALUES (2, 00000000000000002200, 'Miss Trisha Brown', 'ferry.jerrod', '224e6de6cd17a27a6a16ce45f58c7639cab30641cc591e78b52b1324b51becf1');
INSERT INTO `usuarios` (`idUsuario`, `matricula`, `nome`, `login`, `senha`) VALUES (3, 00000000000000002768, 'Allan Rath', 'orville76', 'e7e746d78a288a68eb9b0c6d19662007b6ef8136401879f7c465931d6b74a4e9');
INSERT INTO `usuarios` (`idUsuario`, `matricula`, `nome`, `login`, `senha`) VALUES (4, 00000000000000002901, 'Autumn Schaefer PhD', 'schoen.velva', '78688ba35f0a2666f9e0a6206e7bf58ad626774918e0586abe637657be3e2fb0');
INSERT INTO `usuarios` (`idUsuario`, `matricula`, `nome`, `login`, `senha`) VALUES (5, 00000000000000003981, 'Lulu Greenholt DDS', 'estracke', '0fcffec18290d78d957784d2fc35248839dee47568e49e07693057c1aaa43586');
INSERT INTO `usuarios` (`idUsuario`, `matricula`, `nome`, `login`, `senha`) VALUES (6, 00000000000000001139, 'Tressie Mitchell', 'hellen.mccullough', 'f617d8ce53684527d92c59d8d01afb0ef165a2c6e4e6c2f5e8e9c2259c713642');
INSERT INTO `usuarios` (`idUsuario`, `matricula`, `nome`, `login`, `senha`) VALUES (7, 00000000000000002930, 'Dr. Ottis Kshlerin Sr.', 'jean90', '869b77214f8311abc33acb928b15eae736a4340409458458801cf1eb8c807500');
INSERT INTO `usuarios` (`idUsuario`, `matricula`, `nome`, `login`, `senha`) VALUES (8, 00000000000000003600, 'Chadrick Marvin', 'dewitt92', 'b2cafea796e4f392a3ddf3bd96aafe9fd567d968459895f76f9a21bc1f4f88fc');
INSERT INTO `usuarios` (`idUsuario`, `matricula`, `nome`, `login`, `senha`) VALUES (9, 00000000000000003346, 'Americo Bruen', 'davon67', '5b2d43b9f2e308c5a7c410d6d1f5889d80ef7a3bc6d883321476cef20ec629ea');
INSERT INTO `usuarios` (`idUsuario`, `matricula`, `nome`, `login`, `senha`) VALUES (10, 00000000000000002965, 'Prof. Lucile Wunsch PhD', 'junior73', '876a78fca27104c0ca1fdf658128e2429c7cf71291db67e9777a6008704286d9');


INSERT INTO `categorias` (`idCategoria`, `nomeCategoria`, `descCategoria`) VALUES (1, 'ullam', 'Iste pariatur aut aut aut laborum perspiciatis voluptas.');
INSERT INTO `categorias` (`idCategoria`, `nomeCategoria`, `descCategoria`) VALUES (2, 'harum', 'Consectetur similique error impedit voluptates illum voluptates.');
INSERT INTO `categorias` (`idCategoria`, `nomeCategoria`, `descCategoria`) VALUES (3, 'magni', 'Placeat temporibus temporibus ea nam.');
INSERT INTO `categorias` (`idCategoria`, `nomeCategoria`, `descCategoria`) VALUES (4, 'ab', 'Vel veniam sit accusamus rem libero non earum.');
INSERT INTO `categorias` (`idCategoria`, `nomeCategoria`, `descCategoria`) VALUES (5, 'aut', 'Voluptas dolore qui magni nihil.');
INSERT INTO `categorias` (`idCategoria`, `nomeCategoria`, `descCategoria`) VALUES (6, 'non', 'Perferendis et est nesciunt illo error.');
INSERT INTO `categorias` (`idCategoria`, `nomeCategoria`, `descCategoria`) VALUES (7, 'iusto', 'Odio reiciendis quia id distinctio distinctio minima incidunt.');
INSERT INTO `categorias` (`idCategoria`, `nomeCategoria`, `descCategoria`) VALUES (8, 'incidunt', 'A sed qui ut qui reprehenderit repudiandae.');
INSERT INTO `categorias` (`idCategoria`, `nomeCategoria`, `descCategoria`) VALUES (9, 'quia', 'Porro repellat eaque et quia error rerum.');
INSERT INTO `categorias` (`idCategoria`, `nomeCategoria`, `descCategoria`) VALUES (10, 'voluptas', 'Voluptatem dolorem doloribus eos qui facilis.');

INSERT INTO `produtos` (`idProduto`, `nomeProduto`, `descProduto`, `precoCompraProduto`, `precoVendaProduto`, `dataInsercao`, `dataAtualizacao`, `qtdEstoque`, `idCategoria`) VALUES (1, 'sit', 'Sunt sunt et eum doloribus.', '6596.59', '2223.18', '2002-08-16', '2000-01-02', 6, 1);
INSERT INTO `produtos` (`idProduto`, `nomeProduto`, `descProduto`, `precoCompraProduto`, `precoVendaProduto`, `dataInsercao`, `dataAtualizacao`, `qtdEstoque`, `idCategoria`) VALUES (2, 'quibusdam', 'Porro consequatur doloremque alias.', '3705.73', '4669.39', '1988-12-02', '1970-04-26', 2, 2);
INSERT INTO `produtos` (`idProduto`, `nomeProduto`, `descProduto`, `precoCompraProduto`, `precoVendaProduto`, `dataInsercao`, `dataAtualizacao`, `qtdEstoque`, `idCategoria`) VALUES (3, 'saepe', 'Qui et qui sunt corporis.', '6529.34', '6215.92', '2008-09-19', '2018-12-31', 5, 3);
INSERT INTO `produtos` (`idProduto`, `nomeProduto`, `descProduto`, `precoCompraProduto`, `precoVendaProduto`, `dataInsercao`, `dataAtualizacao`, `qtdEstoque`, `idCategoria`) VALUES (4, 'aut', 'Eos et aut amet sunt qui soluta.', '3517.48', '7557.01', '2017-10-23', '2011-03-24', 2, 4);
INSERT INTO `produtos` (`idProduto`, `nomeProduto`, `descProduto`, `precoCompraProduto`, `precoVendaProduto`, `dataInsercao`, `dataAtualizacao`, `qtdEstoque`, `idCategoria`) VALUES (5, 'facilis', 'Voluptatem culpa repellat aperiam ratione.', '6856.49', '8305.02', '2014-10-10', '2003-09-30', 7, 5);
INSERT INTO `produtos` (`idProduto`, `nomeProduto`, `descProduto`, `precoCompraProduto`, `precoVendaProduto`, `dataInsercao`, `dataAtualizacao`, `qtdEstoque`, `idCategoria`) VALUES (6, 'eligendi', 'Error accusamus eum nesciunt aut veritatis nemo facilis.', '1913.94', '6323.41', '1973-05-26', '1999-02-18', 1, 6);
INSERT INTO `produtos` (`idProduto`, `nomeProduto`, `descProduto`, `precoCompraProduto`, `precoVendaProduto`, `dataInsercao`, `dataAtualizacao`, `qtdEstoque`, `idCategoria`) VALUES (7, 'odit', 'Mollitia velit unde consequuntur a ut harum dolorum.', '3033.26', '8169.31', '1973-12-25', '2004-10-06', 2, 7);
INSERT INTO `produtos` (`idProduto`, `nomeProduto`, `descProduto`, `precoCompraProduto`, `precoVendaProduto`, `dataInsercao`, `dataAtualizacao`, `qtdEstoque`, `idCategoria`) VALUES (8, 'laboriosam', 'Est qui est odit velit atque.', '2554.17', '1405.34', '1996-06-06', '1995-09-27', 3, 8);
INSERT INTO `produtos` (`idProduto`, `nomeProduto`, `descProduto`, `precoCompraProduto`, `precoVendaProduto`, `dataInsercao`, `dataAtualizacao`, `qtdEstoque`, `idCategoria`) VALUES (9, 'voluptas', 'Sequi dolorum rerum dolore accusamus quia autem voluptate.', '6776.04', '7987.20', '1982-11-27', '1983-12-11', 0, 9);
INSERT INTO `produtos` (`idProduto`, `nomeProduto`, `descProduto`, `precoCompraProduto`, `precoVendaProduto`, `dataInsercao`, `dataAtualizacao`, `qtdEstoque`, `idCategoria`) VALUES (10, 'ut', 'Voluptas voluptates voluptates est et.', '6821.65', '2466.14', '2006-01-18', '2004-03-23', 0, 10);
INSERT INTO `produtos` (`idProduto`, `nomeProduto`, `descProduto`, `precoCompraProduto`, `precoVendaProduto`, `dataInsercao`, `dataAtualizacao`, `qtdEstoque`, `idCategoria`) VALUES (11, 'in', 'Aut atque ut repudiandae.', '8988.85', '8537.38', '1976-11-07', '2017-10-09', 0, 1);
INSERT INTO `produtos` (`idProduto`, `nomeProduto`, `descProduto`, `precoCompraProduto`, `precoVendaProduto`, `dataInsercao`, `dataAtualizacao`, `qtdEstoque`, `idCategoria`) VALUES (12, 'qui', 'Est quia minus quis minus quasi quibusdam omnis.', '4445.06', '6297.71', '1973-05-01', '2016-02-26', 0, 2);
INSERT INTO `produtos` (`idProduto`, `nomeProduto`, `descProduto`, `precoCompraProduto`, `precoVendaProduto`, `dataInsercao`, `dataAtualizacao`, `qtdEstoque`, `idCategoria`) VALUES (13, 'officiis', 'Inventore harum quam qui voluptatem rerum omnis.', '3517.07', '4343.68', '2000-01-27', '2000-06-13', 7, 3);
INSERT INTO `produtos` (`idProduto`, `nomeProduto`, `descProduto`, `precoCompraProduto`, `precoVendaProduto`, `dataInsercao`, `dataAtualizacao`, `qtdEstoque`, `idCategoria`) VALUES (14, 'numquam', 'Fugit quis et hic expedita et autem qui.', '1878.68', '3969.92', '1984-07-24', '2007-08-05', 9, 4);
INSERT INTO `produtos` (`idProduto`, `nomeProduto`, `descProduto`, `precoCompraProduto`, `precoVendaProduto`, `dataInsercao`, `dataAtualizacao`, `qtdEstoque`, `idCategoria`) VALUES (15, 'aut', 'Sed sed ut asperiores velit.', '2350.26', '2074.17', '1999-02-04', '1984-11-06', 8, 5);
INSERT INTO `produtos` (`idProduto`, `nomeProduto`, `descProduto`, `precoCompraProduto`, `precoVendaProduto`, `dataInsercao`, `dataAtualizacao`, `qtdEstoque`, `idCategoria`) VALUES (16, 'amet', 'Nesciunt eos in veritatis quisquam quos.', '5688.50', '4746.04', '2001-01-25', '2011-01-21', 1, 6);
INSERT INTO `produtos` (`idProduto`, `nomeProduto`, `descProduto`, `precoCompraProduto`, `precoVendaProduto`, `dataInsercao`, `dataAtualizacao`, `qtdEstoque`, `idCategoria`) VALUES (17, 'nihil', 'Aliquid recusandae praesentium sed odit eum delectus ut.', '9784.59', '9602.77', '2003-04-01', '1981-08-26', 2, 7);
INSERT INTO `produtos` (`idProduto`, `nomeProduto`, `descProduto`, `precoCompraProduto`, `precoVendaProduto`, `dataInsercao`, `dataAtualizacao`, `qtdEstoque`, `idCategoria`) VALUES (18, 'nostrum', 'Quia alias necessitatibus alias esse officiis ut deleniti animi.', '4492.97', '7502.67', '2001-10-30', '2014-10-04', 8, 8);
INSERT INTO `produtos` (`idProduto`, `nomeProduto`, `descProduto`, `precoCompraProduto`, `precoVendaProduto`, `dataInsercao`, `dataAtualizacao`, `qtdEstoque`, `idCategoria`) VALUES (19, 'sed', 'Et cupiditate qui occaecati laudantium rerum.', '1148.75', '1601.76', '2002-05-29', '2009-06-23', 8, 9);
INSERT INTO `produtos` (`idProduto`, `nomeProduto`, `descProduto`, `precoCompraProduto`, `precoVendaProduto`, `dataInsercao`, `dataAtualizacao`, `qtdEstoque`, `idCategoria`) VALUES (20, 'nobis', 'Sint qui corporis ea ratione ut dolor.', '5240.47', '2583.08', '1990-06-24', '2000-11-29', 6, 10);
INSERT INTO `produtos` (`idProduto`, `nomeProduto`, `descProduto`, `precoCompraProduto`, `precoVendaProduto`, `dataInsercao`, `dataAtualizacao`, `qtdEstoque`, `idCategoria`) VALUES (21, 'non', 'Nam nesciunt dolorem a corporis sit.', '6403.62', '2316.38', '2008-04-27', '2004-03-28', 9, 1);
INSERT INTO `produtos` (`idProduto`, `nomeProduto`, `descProduto`, `precoCompraProduto`, `precoVendaProduto`, `dataInsercao`, `dataAtualizacao`, `qtdEstoque`, `idCategoria`) VALUES (22, 'vitae', 'Ut reprehenderit eum alias.', '6372.35', '7660.56', '2011-01-24', '2001-12-10', 4, 2);
INSERT INTO `produtos` (`idProduto`, `nomeProduto`, `descProduto`, `precoCompraProduto`, `precoVendaProduto`, `dataInsercao`, `dataAtualizacao`, `qtdEstoque`, `idCategoria`) VALUES (23, 'accusamus', 'Reprehenderit recusandae facilis voluptas atque eum a.', '6023.45', '9441.15', '2019-05-16', '1974-07-04', 5, 3);
INSERT INTO `produtos` (`idProduto`, `nomeProduto`, `descProduto`, `precoCompraProduto`, `precoVendaProduto`, `dataInsercao`, `dataAtualizacao`, `qtdEstoque`, `idCategoria`) VALUES (24, 'fugit', 'Voluptatem sunt aut ut delectus cupiditate iusto.', '2895.01', '4274.04', '1997-01-22', '1989-04-05', 7, 4);
INSERT INTO `produtos` (`idProduto`, `nomeProduto`, `descProduto`, `precoCompraProduto`, `precoVendaProduto`, `dataInsercao`, `dataAtualizacao`, `qtdEstoque`, `idCategoria`) VALUES (25, 'delectus', 'Rerum maxime numquam atque quos exercitationem repellendus.', '4334.49', '4927.19', '2005-09-06', '1970-12-14', 2, 5);
INSERT INTO `produtos` (`idProduto`, `nomeProduto`, `descProduto`, `precoCompraProduto`, `precoVendaProduto`, `dataInsercao`, `dataAtualizacao`, `qtdEstoque`, `idCategoria`) VALUES (26, 'rerum', 'Cum et voluptate corrupti nihil aut.', '4345.40', '4908.75', '1976-09-01', '1983-04-17', 4, 6);
INSERT INTO `produtos` (`idProduto`, `nomeProduto`, `descProduto`, `precoCompraProduto`, `precoVendaProduto`, `dataInsercao`, `dataAtualizacao`, `qtdEstoque`, `idCategoria`) VALUES (27, 'repudiandae', 'Dolorem adipisci similique mollitia rerum repellat eligendi.', '2368.88', '5545.87', '1999-11-04', '2009-01-25', 1, 7);
INSERT INTO `produtos` (`idProduto`, `nomeProduto`, `descProduto`, `precoCompraProduto`, `precoVendaProduto`, `dataInsercao`, `dataAtualizacao`, `qtdEstoque`, `idCategoria`) VALUES (28, 'ex', 'Dolores possimus ipsa consequuntur natus corrupti vero.', '9152.12', '1851.57', '1989-10-29', '1978-04-04', 5, 8);
INSERT INTO `produtos` (`idProduto`, `nomeProduto`, `descProduto`, `precoCompraProduto`, `precoVendaProduto`, `dataInsercao`, `dataAtualizacao`, `qtdEstoque`, `idCategoria`) VALUES (29, 'voluptate', 'Eveniet unde quia sint culpa sed.', '2185.44', '7137.54', '2005-07-01', '1993-11-27', 9, 9);
INSERT INTO `produtos` (`idProduto`, `nomeProduto`, `descProduto`, `precoCompraProduto`, `precoVendaProduto`, `dataInsercao`, `dataAtualizacao`, `qtdEstoque`, `idCategoria`) VALUES (30, 'voluptatem', 'Suscipit ad veritatis sit quisquam.', '8346.10', '2283.73', '2016-12-01', '2001-11-25', 0, 10);
INSERT INTO `produtos` (`idProduto`, `nomeProduto`, `descProduto`, `precoCompraProduto`, `precoVendaProduto`, `dataInsercao`, `dataAtualizacao`, `qtdEstoque`, `idCategoria`) VALUES (31, 'nostrum', 'Est enim qui voluptatibus doloremque ut doloribus dolores.', '7656.13', '929.37', '1989-11-15', '2013-12-26', 0, 1);
INSERT INTO `produtos` (`idProduto`, `nomeProduto`, `descProduto`, `precoCompraProduto`, `precoVendaProduto`, `dataInsercao`, `dataAtualizacao`, `qtdEstoque`, `idCategoria`) VALUES (32, 'vitae', 'Dolores doloribus beatae soluta ut ullam.', '2418.90', '527.90', '2017-07-01', '2010-11-22', 0, 2);
INSERT INTO `produtos` (`idProduto`, `nomeProduto`, `descProduto`, `precoCompraProduto`, `precoVendaProduto`, `dataInsercao`, `dataAtualizacao`, `qtdEstoque`, `idCategoria`) VALUES (33, 'cumque', 'Consectetur culpa praesentium molestias.', '6136.19', '9427.48', '1988-08-31', '1972-02-26', 1, 3);
INSERT INTO `produtos` (`idProduto`, `nomeProduto`, `descProduto`, `precoCompraProduto`, `precoVendaProduto`, `dataInsercao`, `dataAtualizacao`, `qtdEstoque`, `idCategoria`) VALUES (34, 'alias', 'Ipsum itaque in recusandae optio porro deserunt.', '4402.69', '5777.49', '2010-04-05', '2001-01-25', 5, 4);
INSERT INTO `produtos` (`idProduto`, `nomeProduto`, `descProduto`, `precoCompraProduto`, `precoVendaProduto`, `dataInsercao`, `dataAtualizacao`, `qtdEstoque`, `idCategoria`) VALUES (35, 'deleniti', 'Adipisci ipsum ex numquam nihil rerum.', '8901.43', '9929.73', '2018-05-19', '2010-11-12', 1, 5);
INSERT INTO `produtos` (`idProduto`, `nomeProduto`, `descProduto`, `precoCompraProduto`, `precoVendaProduto`, `dataInsercao`, `dataAtualizacao`, `qtdEstoque`, `idCategoria`) VALUES (36, 'ab', 'Rem alias consequuntur consequuntur aliquam qui.', '5991.35', '7319.59', '2005-04-17', '1984-08-28', 8, 6);
INSERT INTO `produtos` (`idProduto`, `nomeProduto`, `descProduto`, `precoCompraProduto`, `precoVendaProduto`, `dataInsercao`, `dataAtualizacao`, `qtdEstoque`, `idCategoria`) VALUES (37, 'dolorum', 'Ut placeat non repudiandae aspernatur praesentium magnam voluptate alias.', '1705.58', '211.70', '2002-02-08', '1982-11-07', 2, 7);
INSERT INTO `produtos` (`idProduto`, `nomeProduto`, `descProduto`, `precoCompraProduto`, `precoVendaProduto`, `dataInsercao`, `dataAtualizacao`, `qtdEstoque`, `idCategoria`) VALUES (38, 'quia', 'Voluptatum iure incidunt cupiditate non tempora totam.', '4171.67', '2015.68', '1999-09-29', '1987-02-14', 3, 8);
INSERT INTO `produtos` (`idProduto`, `nomeProduto`, `descProduto`, `precoCompraProduto`, `precoVendaProduto`, `dataInsercao`, `dataAtualizacao`, `qtdEstoque`, `idCategoria`) VALUES (39, 'nihil', 'Sunt consequuntur cupiditate est atque.', '4662.21', '6327.22', '1978-06-04', '2008-10-17', 8, 9);
INSERT INTO `produtos` (`idProduto`, `nomeProduto`, `descProduto`, `precoCompraProduto`, `precoVendaProduto`, `dataInsercao`, `dataAtualizacao`, `qtdEstoque`, `idCategoria`) VALUES (40, 'ut', 'Quo modi fuga tempora minus animi.', '5295.67', '3724.12', '1994-03-05', '2004-12-09', 2, 10);
INSERT INTO `produtos` (`idProduto`, `nomeProduto`, `descProduto`, `precoCompraProduto`, `precoVendaProduto`, `dataInsercao`, `dataAtualizacao`, `qtdEstoque`, `idCategoria`) VALUES (41, 'molestias', 'Perspiciatis maiores qui minus harum.', '9902.05', '6646.84', '1993-08-13', '1975-07-11', 7, 1);
INSERT INTO `produtos` (`idProduto`, `nomeProduto`, `descProduto`, `precoCompraProduto`, `precoVendaProduto`, `dataInsercao`, `dataAtualizacao`, `qtdEstoque`, `idCategoria`) VALUES (42, 'voluptatum', 'Voluptatem ab fugit temporibus aperiam quibusdam.', '1986.55', '6612.34', '2006-03-19', '1977-07-24', 3, 2);
INSERT INTO `produtos` (`idProduto`, `nomeProduto`, `descProduto`, `precoCompraProduto`, `precoVendaProduto`, `dataInsercao`, `dataAtualizacao`, `qtdEstoque`, `idCategoria`) VALUES (43, 'illo', 'Velit est et repellendus ea.', '913.86', '8552.82', '2017-05-10', '1999-11-02', 3, 3);
INSERT INTO `produtos` (`idProduto`, `nomeProduto`, `descProduto`, `precoCompraProduto`, `precoVendaProduto`, `dataInsercao`, `dataAtualizacao`, `qtdEstoque`, `idCategoria`) VALUES (44, 'laboriosam', 'Vel aut iusto a aut ab minus.', '1271.48', '4205.37', '2018-04-25', '1985-06-07', 7, 4);
INSERT INTO `produtos` (`idProduto`, `nomeProduto`, `descProduto`, `precoCompraProduto`, `precoVendaProduto`, `dataInsercao`, `dataAtualizacao`, `qtdEstoque`, `idCategoria`) VALUES (45, 'modi', 'Eum sed facere optio et rem fuga iste.', '8169.35', '3614.44', '2012-10-30', '2009-10-02', 0, 5);
INSERT INTO `produtos` (`idProduto`, `nomeProduto`, `descProduto`, `precoCompraProduto`, `precoVendaProduto`, `dataInsercao`, `dataAtualizacao`, `qtdEstoque`, `idCategoria`) VALUES (46, 'quia', 'Voluptatem dignissimos tenetur expedita et.', '5396.55', '6514.16', '2001-10-17', '2004-10-22', 8, 6);
INSERT INTO `produtos` (`idProduto`, `nomeProduto`, `descProduto`, `precoCompraProduto`, `precoVendaProduto`, `dataInsercao`, `dataAtualizacao`, `qtdEstoque`, `idCategoria`) VALUES (47, 'error', 'Quia excepturi facilis praesentium vero.', '3209.88', '741.52', '1987-03-22', '1990-02-22', 7, 7);
INSERT INTO `produtos` (`idProduto`, `nomeProduto`, `descProduto`, `precoCompraProduto`, `precoVendaProduto`, `dataInsercao`, `dataAtualizacao`, `qtdEstoque`, `idCategoria`) VALUES (48, 'officia', 'Perspiciatis voluptatum molestiae sed fuga eveniet reprehenderit.', '1365.07', '8541.92', '1993-01-02', '2015-05-17', 8, 8);
INSERT INTO `produtos` (`idProduto`, `nomeProduto`, `descProduto`, `precoCompraProduto`, `precoVendaProduto`, `dataInsercao`, `dataAtualizacao`, `qtdEstoque`, `idCategoria`) VALUES (49, 'iste', 'Est officiis ipsam eius iste.', '1142.14', '5593.03', '1987-05-07', '1984-10-24', 7, 9);
INSERT INTO `produtos` (`idProduto`, `nomeProduto`, `descProduto`, `precoCompraProduto`, `precoVendaProduto`, `dataInsercao`, `dataAtualizacao`, `qtdEstoque`, `idCategoria`) VALUES (50, 'nam', 'Laudantium commodi fugit consequatur.', '4196.56', '9520.64', '2020-03-24', '1990-04-12', 3, 10);
INSERT INTO `produtos` (`idProduto`, `nomeProduto`, `descProduto`, `precoCompraProduto`, `precoVendaProduto`, `dataInsercao`, `dataAtualizacao`, `qtdEstoque`, `idCategoria`) VALUES (51, 'quasi', 'Maiores aut iusto nihil qui rerum incidunt.', '6618.83', '9083.46', '2004-10-02', '2006-01-22', 3, 1);
INSERT INTO `produtos` (`idProduto`, `nomeProduto`, `descProduto`, `precoCompraProduto`, `precoVendaProduto`, `dataInsercao`, `dataAtualizacao`, `qtdEstoque`, `idCategoria`) VALUES (52, 'velit', 'Rerum iste dolore enim.', '379.48', '6433.93', '1976-10-01', '1992-03-22', 3, 2);
INSERT INTO `produtos` (`idProduto`, `nomeProduto`, `descProduto`, `precoCompraProduto`, `precoVendaProduto`, `dataInsercao`, `dataAtualizacao`, `qtdEstoque`, `idCategoria`) VALUES (53, 'et', 'Mollitia sint voluptates sunt blanditiis.', '3835.36', '3792.25', '2012-07-26', '1994-02-09', 0, 3);
INSERT INTO `produtos` (`idProduto`, `nomeProduto`, `descProduto`, `precoCompraProduto`, `precoVendaProduto`, `dataInsercao`, `dataAtualizacao`, `qtdEstoque`, `idCategoria`) VALUES (54, 'molestias', 'Laboriosam culpa deleniti et eveniet et.', '2938.90', '8654.50', '2001-04-24', '2011-07-29', 8, 4);
INSERT INTO `produtos` (`idProduto`, `nomeProduto`, `descProduto`, `precoCompraProduto`, `precoVendaProduto`, `dataInsercao`, `dataAtualizacao`, `qtdEstoque`, `idCategoria`) VALUES (55, 'aliquam', 'Ab reprehenderit qui et cum sunt qui reiciendis ea.', '1016.14', '9731.08', '2015-06-27', '2001-01-19', 9, 5);
INSERT INTO `produtos` (`idProduto`, `nomeProduto`, `descProduto`, `precoCompraProduto`, `precoVendaProduto`, `dataInsercao`, `dataAtualizacao`, `qtdEstoque`, `idCategoria`) VALUES (56, 'blanditiis', 'Officia sed veritatis est officia.', '4152.83', '2278.87', '1976-04-21', '1973-06-14', 9, 6);
INSERT INTO `produtos` (`idProduto`, `nomeProduto`, `descProduto`, `precoCompraProduto`, `precoVendaProduto`, `dataInsercao`, `dataAtualizacao`, `qtdEstoque`, `idCategoria`) VALUES (57, 'rerum', 'Omnis similique praesentium quibusdam qui.', '565.87', '3518.56', '2004-05-16', '2000-01-23', 4, 7);
INSERT INTO `produtos` (`idProduto`, `nomeProduto`, `descProduto`, `precoCompraProduto`, `precoVendaProduto`, `dataInsercao`, `dataAtualizacao`, `qtdEstoque`, `idCategoria`) VALUES (58, 'maxime', 'Sed voluptatum similique ea commodi eaque.', '2963.62', '5986.19', '2017-01-01', '1971-11-24', 7, 8);
INSERT INTO `produtos` (`idProduto`, `nomeProduto`, `descProduto`, `precoCompraProduto`, `precoVendaProduto`, `dataInsercao`, `dataAtualizacao`, `qtdEstoque`, `idCategoria`) VALUES (59, 'eum', 'Commodi asperiores veniam recusandae rerum est.', '3575.23', '9273.98', '1988-01-06', '1979-01-11', 5, 9);
INSERT INTO `produtos` (`idProduto`, `nomeProduto`, `descProduto`, `precoCompraProduto`, `precoVendaProduto`, `dataInsercao`, `dataAtualizacao`, `qtdEstoque`, `idCategoria`) VALUES (60, 'ut', 'Necessitatibus veniam et iure atque ea explicabo.', '7945.10', '4756.21', '2014-10-12', '2008-05-31', 5, 10);
INSERT INTO `produtos` (`idProduto`, `nomeProduto`, `descProduto`, `precoCompraProduto`, `precoVendaProduto`, `dataInsercao`, `dataAtualizacao`, `qtdEstoque`, `idCategoria`) VALUES (61, 'magni', 'Unde porro dolor deserunt sed consequatur asperiores quae.', '3455.28', '1476.26', '1992-02-27', '2018-11-20', 5, 1);
INSERT INTO `produtos` (`idProduto`, `nomeProduto`, `descProduto`, `precoCompraProduto`, `precoVendaProduto`, `dataInsercao`, `dataAtualizacao`, `qtdEstoque`, `idCategoria`) VALUES (62, 'iure', 'Distinctio fugit iusto voluptas enim quidem magnam cumque et.', '875.63', '750.03', '1982-05-06', '2002-08-31', 5, 2);
INSERT INTO `produtos` (`idProduto`, `nomeProduto`, `descProduto`, `precoCompraProduto`, `precoVendaProduto`, `dataInsercao`, `dataAtualizacao`, `qtdEstoque`, `idCategoria`) VALUES (63, 'dolores', 'Sequi ut iste maxime quis autem occaecati.', '3552.70', '9805.90', '1999-07-18', '2001-12-03', 7, 3);
INSERT INTO `produtos` (`idProduto`, `nomeProduto`, `descProduto`, `precoCompraProduto`, `precoVendaProduto`, `dataInsercao`, `dataAtualizacao`, `qtdEstoque`, `idCategoria`) VALUES (64, 'alias', 'Accusamus voluptas dolor perferendis dolor hic fugit.', '277.73', '2874.29', '1984-07-23', '2009-09-13', 7, 4);
INSERT INTO `produtos` (`idProduto`, `nomeProduto`, `descProduto`, `precoCompraProduto`, `precoVendaProduto`, `dataInsercao`, `dataAtualizacao`, `qtdEstoque`, `idCategoria`) VALUES (65, 'porro', 'Pariatur reprehenderit cum est consectetur est.', '2810.61', '6570.20', '2007-06-27', '2005-12-03', 3, 5);
INSERT INTO `produtos` (`idProduto`, `nomeProduto`, `descProduto`, `precoCompraProduto`, `precoVendaProduto`, `dataInsercao`, `dataAtualizacao`, `qtdEstoque`, `idCategoria`) VALUES (66, 'dignissimos', 'Quo laboriosam voluptatibus rem tempore non qui.', '5675.81', '322.75', '2004-05-17', '1979-11-06', 4, 6);
INSERT INTO `produtos` (`idProduto`, `nomeProduto`, `descProduto`, `precoCompraProduto`, `precoVendaProduto`, `dataInsercao`, `dataAtualizacao`, `qtdEstoque`, `idCategoria`) VALUES (67, 'omnis', 'Sint quo sint alias vitae aut.', '5544.79', '27.18', '2006-09-12', '2014-09-07', 1, 7);
INSERT INTO `produtos` (`idProduto`, `nomeProduto`, `descProduto`, `precoCompraProduto`, `precoVendaProduto`, `dataInsercao`, `dataAtualizacao`, `qtdEstoque`, `idCategoria`) VALUES (68, 'sint', 'Et suscipit non id possimus optio.', '4193.40', '4820.68', '2000-11-08', '1973-11-15', 5, 8);
INSERT INTO `produtos` (`idProduto`, `nomeProduto`, `descProduto`, `precoCompraProduto`, `precoVendaProduto`, `dataInsercao`, `dataAtualizacao`, `qtdEstoque`, `idCategoria`) VALUES (69, 'minus', 'Natus eum aliquid neque recusandae.', '4532.30', '3273.48', '1999-08-28', '1994-09-25', 1, 9);
INSERT INTO `produtos` (`idProduto`, `nomeProduto`, `descProduto`, `precoCompraProduto`, `precoVendaProduto`, `dataInsercao`, `dataAtualizacao`, `qtdEstoque`, `idCategoria`) VALUES (70, 'iure', 'Non laudantium sit atque laborum consequuntur dolor.', '1849.98', '784.92', '1981-11-10', '2019-03-13', 2, 10);
INSERT INTO `produtos` (`idProduto`, `nomeProduto`, `descProduto`, `precoCompraProduto`, `precoVendaProduto`, `dataInsercao`, `dataAtualizacao`, `qtdEstoque`, `idCategoria`) VALUES (71, 'at', 'Cum saepe dolorem ducimus pariatur nam hic.', '9377.51', '6027.96', '2001-10-18', '2002-12-19', 1, 1);
INSERT INTO `produtos` (`idProduto`, `nomeProduto`, `descProduto`, `precoCompraProduto`, `precoVendaProduto`, `dataInsercao`, `dataAtualizacao`, `qtdEstoque`, `idCategoria`) VALUES (72, 'nobis', 'Ab autem nesciunt saepe.', '6843.52', '4646.95', '1970-12-04', '1977-08-13', 0, 2);
INSERT INTO `produtos` (`idProduto`, `nomeProduto`, `descProduto`, `precoCompraProduto`, `precoVendaProduto`, `dataInsercao`, `dataAtualizacao`, `qtdEstoque`, `idCategoria`) VALUES (73, 'voluptatem', 'Doloremque sint odio fuga quia aut voluptas.', '8757.23', '4314.47', '2014-04-25', '2009-03-05', 6, 3);
INSERT INTO `produtos` (`idProduto`, `nomeProduto`, `descProduto`, `precoCompraProduto`, `precoVendaProduto`, `dataInsercao`, `dataAtualizacao`, `qtdEstoque`, `idCategoria`) VALUES (74, 'aspernatur', 'Consequatur et nisi magni provident illo.', '6831.98', '355.08', '1971-03-18', '2012-06-02', 6, 4);
INSERT INTO `produtos` (`idProduto`, `nomeProduto`, `descProduto`, `precoCompraProduto`, `precoVendaProduto`, `dataInsercao`, `dataAtualizacao`, `qtdEstoque`, `idCategoria`) VALUES (75, 'quod', 'Aut perferendis consequatur eos debitis provident laudantium.', '623.70', '4070.96', '1979-10-27', '2010-11-10', 2, 5);
INSERT INTO `produtos` (`idProduto`, `nomeProduto`, `descProduto`, `precoCompraProduto`, `precoVendaProduto`, `dataInsercao`, `dataAtualizacao`, `qtdEstoque`, `idCategoria`) VALUES (76, 'est', 'Ut a similique ex maiores laudantium suscipit.', '5885.09', '7423.92', '2017-08-26', '1994-12-25', 4, 6);
INSERT INTO `produtos` (`idProduto`, `nomeProduto`, `descProduto`, `precoCompraProduto`, `precoVendaProduto`, `dataInsercao`, `dataAtualizacao`, `qtdEstoque`, `idCategoria`) VALUES (77, 'vitae', 'Incidunt nesciunt qui eum.', '9994.28', '9672.62', '1973-06-18', '2003-03-27', 5, 7);
INSERT INTO `produtos` (`idProduto`, `nomeProduto`, `descProduto`, `precoCompraProduto`, `precoVendaProduto`, `dataInsercao`, `dataAtualizacao`, `qtdEstoque`, `idCategoria`) VALUES (78, 'doloremque', 'Et ut consequatur aliquid totam tempora accusamus id.', '4074.27', '7085.78', '2012-08-12', '2017-03-03', 1, 8);
INSERT INTO `produtos` (`idProduto`, `nomeProduto`, `descProduto`, `precoCompraProduto`, `precoVendaProduto`, `dataInsercao`, `dataAtualizacao`, `qtdEstoque`, `idCategoria`) VALUES (79, 'vel', 'Sapiente itaque doloribus eum accusantium.', '4048.08', '4386.52', '2005-05-17', '2008-04-28', 0, 9);
INSERT INTO `produtos` (`idProduto`, `nomeProduto`, `descProduto`, `precoCompraProduto`, `precoVendaProduto`, `dataInsercao`, `dataAtualizacao`, `qtdEstoque`, `idCategoria`) VALUES (80, 'exercitationem', 'Minus autem magni sed aut.', '9900.91', '3235.44', '2008-06-22', '2013-05-10', 9, 10);
INSERT INTO `produtos` (`idProduto`, `nomeProduto`, `descProduto`, `precoCompraProduto`, `precoVendaProduto`, `dataInsercao`, `dataAtualizacao`, `qtdEstoque`, `idCategoria`) VALUES (81, 'sunt', 'Officiis enim ut nulla vel sit perferendis.', '1716.02', '6850.64', '1987-08-20', '2012-05-13', 5, 1);
INSERT INTO `produtos` (`idProduto`, `nomeProduto`, `descProduto`, `precoCompraProduto`, `precoVendaProduto`, `dataInsercao`, `dataAtualizacao`, `qtdEstoque`, `idCategoria`) VALUES (82, 'soluta', 'Saepe perferendis ut magni dolores voluptas velit.', '6681.05', '2896.68', '1984-12-01', '2006-10-08', 7, 2);
INSERT INTO `produtos` (`idProduto`, `nomeProduto`, `descProduto`, `precoCompraProduto`, `precoVendaProduto`, `dataInsercao`, `dataAtualizacao`, `qtdEstoque`, `idCategoria`) VALUES (83, 'quo', 'At ad blanditiis minima sit eaque praesentium optio qui.', '3012.26', '8893.24', '1978-02-19', '2005-10-27', 6, 3);
INSERT INTO `produtos` (`idProduto`, `nomeProduto`, `descProduto`, `precoCompraProduto`, `precoVendaProduto`, `dataInsercao`, `dataAtualizacao`, `qtdEstoque`, `idCategoria`) VALUES (84, 'sunt', 'Adipisci porro voluptatem reiciendis qui nisi.', '1835.17', '2168.92', '1992-12-04', '1984-08-05', 2, 4);
INSERT INTO `produtos` (`idProduto`, `nomeProduto`, `descProduto`, `precoCompraProduto`, `precoVendaProduto`, `dataInsercao`, `dataAtualizacao`, `qtdEstoque`, `idCategoria`) VALUES (85, 'fugit', 'Autem accusantium aliquid at earum ipsum nisi odit.', '1270.31', '2918.12', '1989-01-03', '1976-02-21', 1, 5);
INSERT INTO `produtos` (`idProduto`, `nomeProduto`, `descProduto`, `precoCompraProduto`, `precoVendaProduto`, `dataInsercao`, `dataAtualizacao`, `qtdEstoque`, `idCategoria`) VALUES (86, 'asperiores', 'Aut id autem vero recusandae laborum veniam recusandae.', '909.48', '4291.17', '2014-01-20', '2004-04-26', 8, 6);
INSERT INTO `produtos` (`idProduto`, `nomeProduto`, `descProduto`, `precoCompraProduto`, `precoVendaProduto`, `dataInsercao`, `dataAtualizacao`, `qtdEstoque`, `idCategoria`) VALUES (87, 'sunt', 'Ipsam et doloremque cumque aut laudantium.', '3156.85', '8422.64', '1991-12-24', '1985-07-25', 1, 7);
INSERT INTO `produtos` (`idProduto`, `nomeProduto`, `descProduto`, `precoCompraProduto`, `precoVendaProduto`, `dataInsercao`, `dataAtualizacao`, `qtdEstoque`, `idCategoria`) VALUES (88, 'est', 'Sunt sit vitae et perspiciatis corporis fugit esse.', '5001.52', '1343.24', '2009-09-14', '2018-10-30', 9, 8);
INSERT INTO `produtos` (`idProduto`, `nomeProduto`, `descProduto`, `precoCompraProduto`, `precoVendaProduto`, `dataInsercao`, `dataAtualizacao`, `qtdEstoque`, `idCategoria`) VALUES (89, 'eum', 'Fuga dolore esse ea error sunt est suscipit autem.', '6032.93', '2818.56', '1981-05-27', '1973-02-02', 9, 9);
INSERT INTO `produtos` (`idProduto`, `nomeProduto`, `descProduto`, `precoCompraProduto`, `precoVendaProduto`, `dataInsercao`, `dataAtualizacao`, `qtdEstoque`, `idCategoria`) VALUES (90, 'optio', 'Enim suscipit aliquam enim odio sed illo beatae.', '6185.13', '3145.90', '1990-11-09', '1989-07-08', 9, 10);
INSERT INTO `produtos` (`idProduto`, `nomeProduto`, `descProduto`, `precoCompraProduto`, `precoVendaProduto`, `dataInsercao`, `dataAtualizacao`, `qtdEstoque`, `idCategoria`) VALUES (91, 'aut', 'Porro eius quae asperiores amet.', '4379.08', '530.47', '1983-02-16', '1999-10-13', 3, 1);
INSERT INTO `produtos` (`idProduto`, `nomeProduto`, `descProduto`, `precoCompraProduto`, `precoVendaProduto`, `dataInsercao`, `dataAtualizacao`, `qtdEstoque`, `idCategoria`) VALUES (92, 'incidunt', 'Consequatur porro iusto quis nulla qui deserunt.', '4845.69', '6650.44', '1997-01-10', '2016-01-10', 6, 2);
INSERT INTO `produtos` (`idProduto`, `nomeProduto`, `descProduto`, `precoCompraProduto`, `precoVendaProduto`, `dataInsercao`, `dataAtualizacao`, `qtdEstoque`, `idCategoria`) VALUES (93, 'nemo', 'Nisi vel occaecati ullam aspernatur.', '3714.04', '6280.40', '1982-08-26', '1975-08-07', 9, 3);
INSERT INTO `produtos` (`idProduto`, `nomeProduto`, `descProduto`, `precoCompraProduto`, `precoVendaProduto`, `dataInsercao`, `dataAtualizacao`, `qtdEstoque`, `idCategoria`) VALUES (94, 'magnam', 'Quasi deleniti voluptatem debitis aut quas doloremque voluptatem.', '5491.99', '2997.06', '1971-10-19', '1992-04-02', 3, 4);
INSERT INTO `produtos` (`idProduto`, `nomeProduto`, `descProduto`, `precoCompraProduto`, `precoVendaProduto`, `dataInsercao`, `dataAtualizacao`, `qtdEstoque`, `idCategoria`) VALUES (95, 'rerum', 'Labore rerum et eaque et at rerum corrupti.', '5849.98', '1793.47', '2007-03-16', '2007-05-03', 2, 5);
INSERT INTO `produtos` (`idProduto`, `nomeProduto`, `descProduto`, `precoCompraProduto`, `precoVendaProduto`, `dataInsercao`, `dataAtualizacao`, `qtdEstoque`, `idCategoria`) VALUES (96, 'ullam', 'Ex nobis dolore in vitae.', '4273.74', '6172.62', '1973-02-28', '2015-09-13', 2, 6);
INSERT INTO `produtos` (`idProduto`, `nomeProduto`, `descProduto`, `precoCompraProduto`, `precoVendaProduto`, `dataInsercao`, `dataAtualizacao`, `qtdEstoque`, `idCategoria`) VALUES (97, 'omnis', 'Et amet eum doloribus consequatur in.', '8544.37', '8301.08', '2012-01-22', '1978-01-16', 6, 7);
INSERT INTO `produtos` (`idProduto`, `nomeProduto`, `descProduto`, `precoCompraProduto`, `precoVendaProduto`, `dataInsercao`, `dataAtualizacao`, `qtdEstoque`, `idCategoria`) VALUES (98, 'minima', 'Aliquam atque magni quasi omnis officiis tenetur.', '1809.70', '1749.11', '1999-04-13', '1976-07-09', 9, 8);
INSERT INTO `produtos` (`idProduto`, `nomeProduto`, `descProduto`, `precoCompraProduto`, `precoVendaProduto`, `dataInsercao`, `dataAtualizacao`, `qtdEstoque`, `idCategoria`) VALUES (99, 'itaque', 'Odit reprehenderit dolore laboriosam exercitationem.', '7220.68', '6337.59', '1970-03-23', '2020-05-10', 0, 9);
INSERT INTO `produtos` (`idProduto`, `nomeProduto`, `descProduto`, `precoCompraProduto`, `precoVendaProduto`, `dataInsercao`, `dataAtualizacao`, `qtdEstoque`, `idCategoria`) VALUES (100, 'ex', 'Dolores eum optio atque illo temporibus perferendis.', '6765.81', '9756.45', '1992-09-05', '2018-03-11', 2, 10);
INSERT INTO `produtos` (`idProduto`, `nomeProduto`, `descProduto`, `precoCompraProduto`, `precoVendaProduto`, `dataInsercao`, `dataAtualizacao`, `qtdEstoque`, `idCategoria`) VALUES (101, 'in', 'Nisi iusto dignissimos dolorum.', '5050.95', '6686.79', '1984-11-12', '2011-09-26', 1, 1);
INSERT INTO `produtos` (`idProduto`, `nomeProduto`, `descProduto`, `precoCompraProduto`, `precoVendaProduto`, `dataInsercao`, `dataAtualizacao`, `qtdEstoque`, `idCategoria`) VALUES (102, 'harum', 'Corporis blanditiis ea cupiditate.', '4809.00', '5781.01', '2001-09-20', '2008-11-20', 1, 2);
INSERT INTO `produtos` (`idProduto`, `nomeProduto`, `descProduto`, `precoCompraProduto`, `precoVendaProduto`, `dataInsercao`, `dataAtualizacao`, `qtdEstoque`, `idCategoria`) VALUES (103, 'quos', 'Alias consequatur sed fugiat et omnis.', '5239.68', '109.33', '1970-11-18', '2007-09-11', 6, 3);
INSERT INTO `produtos` (`idProduto`, `nomeProduto`, `descProduto`, `precoCompraProduto`, `precoVendaProduto`, `dataInsercao`, `dataAtualizacao`, `qtdEstoque`, `idCategoria`) VALUES (104, 'sed', 'Quae tenetur doloremque neque harum eum enim natus consectetur.', '6738.63', '51.91', '2004-03-02', '1994-11-23', 4, 4);
INSERT INTO `produtos` (`idProduto`, `nomeProduto`, `descProduto`, `precoCompraProduto`, `precoVendaProduto`, `dataInsercao`, `dataAtualizacao`, `qtdEstoque`, `idCategoria`) VALUES (105, 'numquam', 'Ea est non totam et nam.', '7830.85', '6931.79', '2001-08-09', '2015-11-23', 9, 5);
INSERT INTO `produtos` (`idProduto`, `nomeProduto`, `descProduto`, `precoCompraProduto`, `precoVendaProduto`, `dataInsercao`, `dataAtualizacao`, `qtdEstoque`, `idCategoria`) VALUES (106, 'quia', 'Qui nobis aut provident eum.', '9712.74', '6312.70', '1978-10-14', '2003-03-11', 4, 6);
INSERT INTO `produtos` (`idProduto`, `nomeProduto`, `descProduto`, `precoCompraProduto`, `precoVendaProduto`, `dataInsercao`, `dataAtualizacao`, `qtdEstoque`, `idCategoria`) VALUES (107, 'accusamus', 'Dolores ratione eveniet modi magnam.', '1763.10', '5831.56', '1975-04-12', '2004-06-11', 4, 7);
INSERT INTO `produtos` (`idProduto`, `nomeProduto`, `descProduto`, `precoCompraProduto`, `precoVendaProduto`, `dataInsercao`, `dataAtualizacao`, `qtdEstoque`, `idCategoria`) VALUES (108, 'sed', 'Quaerat porro dicta ipsam animi sequi neque.', '532.18', '1150.80', '1981-04-14', '2011-06-21', 3, 8);
INSERT INTO `produtos` (`idProduto`, `nomeProduto`, `descProduto`, `precoCompraProduto`, `precoVendaProduto`, `dataInsercao`, `dataAtualizacao`, `qtdEstoque`, `idCategoria`) VALUES (109, 'exercitationem', 'Ut ab aliquam nesciunt in et harum.', '9039.64', '6462.33', '1971-07-03', '2004-03-26', 6, 9);
INSERT INTO `produtos` (`idProduto`, `nomeProduto`, `descProduto`, `precoCompraProduto`, `precoVendaProduto`, `dataInsercao`, `dataAtualizacao`, `qtdEstoque`, `idCategoria`) VALUES (110, 'itaque', 'Illo animi molestiae aliquam ipsa consequatur quaerat adipisci.', '5043.86', '2178.39', '1976-11-12', '1990-01-12', 1, 10);
INSERT INTO `produtos` (`idProduto`, `nomeProduto`, `descProduto`, `precoCompraProduto`, `precoVendaProduto`, `dataInsercao`, `dataAtualizacao`, `qtdEstoque`, `idCategoria`) VALUES (111, 'qui', 'Beatae aut nulla non sed suscipit est.', '6793.51', '9558.20', '2008-03-13', '2002-05-18', 1, 1);
INSERT INTO `produtos` (`idProduto`, `nomeProduto`, `descProduto`, `precoCompraProduto`, `precoVendaProduto`, `dataInsercao`, `dataAtualizacao`, `qtdEstoque`, `idCategoria`) VALUES (112, 'quae', 'At doloribus unde culpa accusantium aut aperiam et.', '8368.20', '4861.10', '1991-10-05', '1984-06-21', 8, 2);
INSERT INTO `produtos` (`idProduto`, `nomeProduto`, `descProduto`, `precoCompraProduto`, `precoVendaProduto`, `dataInsercao`, `dataAtualizacao`, `qtdEstoque`, `idCategoria`) VALUES (113, 'facilis', 'Eos in et voluptatibus suscipit nobis necessitatibus non accusantium.', '1200.63', '4727.02', '1994-04-01', '1971-02-23', 0, 3);
INSERT INTO `produtos` (`idProduto`, `nomeProduto`, `descProduto`, `precoCompraProduto`, `precoVendaProduto`, `dataInsercao`, `dataAtualizacao`, `qtdEstoque`, `idCategoria`) VALUES (114, 'molestiae', 'Aut quia eius molestiae ducimus.', '2524.03', '9301.76', '1993-02-08', '1979-04-26', 2, 4);
INSERT INTO `produtos` (`idProduto`, `nomeProduto`, `descProduto`, `precoCompraProduto`, `precoVendaProduto`, `dataInsercao`, `dataAtualizacao`, `qtdEstoque`, `idCategoria`) VALUES (115, 'tempore', 'Eaque ipsam pariatur tenetur autem eum sunt dolorem totam.', '6379.24', '2105.33', '2012-04-20', '1978-03-15', 8, 5);
INSERT INTO `produtos` (`idProduto`, `nomeProduto`, `descProduto`, `precoCompraProduto`, `precoVendaProduto`, `dataInsercao`, `dataAtualizacao`, `qtdEstoque`, `idCategoria`) VALUES (116, 'aut', 'Nihil eligendi perspiciatis impedit error soluta quaerat modi.', '5670.42', '3588.15', '1976-08-23', '2014-06-22', 5, 6);
INSERT INTO `produtos` (`idProduto`, `nomeProduto`, `descProduto`, `precoCompraProduto`, `precoVendaProduto`, `dataInsercao`, `dataAtualizacao`, `qtdEstoque`, `idCategoria`) VALUES (117, 'pariatur', 'Molestias sint culpa excepturi officia inventore sunt et.', '9464.89', '1018.65', '1978-02-28', '2019-01-03', 0, 7);
INSERT INTO `produtos` (`idProduto`, `nomeProduto`, `descProduto`, `precoCompraProduto`, `precoVendaProduto`, `dataInsercao`, `dataAtualizacao`, `qtdEstoque`, `idCategoria`) VALUES (118, 'omnis', 'Illum consectetur cum sed voluptatibus.', '9850.74', '9094.56', '1982-05-25', '2013-08-14', 1, 8);
INSERT INTO `produtos` (`idProduto`, `nomeProduto`, `descProduto`, `precoCompraProduto`, `precoVendaProduto`, `dataInsercao`, `dataAtualizacao`, `qtdEstoque`, `idCategoria`) VALUES (119, 'at', 'Aperiam quia ullam eum itaque nostrum.', '8197.18', '4050.11', '2013-07-06', '1977-07-27', 0, 9);
INSERT INTO `produtos` (`idProduto`, `nomeProduto`, `descProduto`, `precoCompraProduto`, `precoVendaProduto`, `dataInsercao`, `dataAtualizacao`, `qtdEstoque`, `idCategoria`) VALUES (120, 'enim', 'Aut aut quae qui qui non expedita repellat.', '985.51', '4949.40', '1998-11-22', '1998-09-05', 5, 10);
INSERT INTO `produtos` (`idProduto`, `nomeProduto`, `descProduto`, `precoCompraProduto`, `precoVendaProduto`, `dataInsercao`, `dataAtualizacao`, `qtdEstoque`, `idCategoria`) VALUES (121, 'vel', 'Nemo quam consectetur provident unde corporis.', '1039.45', '2320.30', '1977-05-29', '1975-07-15', 8, 1);
INSERT INTO `produtos` (`idProduto`, `nomeProduto`, `descProduto`, `precoCompraProduto`, `precoVendaProduto`, `dataInsercao`, `dataAtualizacao`, `qtdEstoque`, `idCategoria`) VALUES (122, 'vitae', 'Aut amet reprehenderit quia reprehenderit non omnis quis.', '4177.80', '6826.48', '1998-06-12', '2001-12-08', 2, 2);
INSERT INTO `produtos` (`idProduto`, `nomeProduto`, `descProduto`, `precoCompraProduto`, `precoVendaProduto`, `dataInsercao`, `dataAtualizacao`, `qtdEstoque`, `idCategoria`) VALUES (123, 'dolores', 'Voluptatem fugiat sint voluptates sit omnis officia quibusdam occaecati.', '5793.84', '1824.49', '1980-07-31', '1995-08-25', 4, 3);
INSERT INTO `produtos` (`idProduto`, `nomeProduto`, `descProduto`, `precoCompraProduto`, `precoVendaProduto`, `dataInsercao`, `dataAtualizacao`, `qtdEstoque`, `idCategoria`) VALUES (124, 'neque', 'Consequatur corporis hic autem aut aut soluta.', '467.57', '8666.64', '2014-04-03', '1972-10-12', 6, 4);
INSERT INTO `produtos` (`idProduto`, `nomeProduto`, `descProduto`, `precoCompraProduto`, `precoVendaProduto`, `dataInsercao`, `dataAtualizacao`, `qtdEstoque`, `idCategoria`) VALUES (125, 'qui', 'Qui quia maxime beatae molestiae voluptates distinctio.', '2724.00', '18.11', '2005-02-07', '1996-04-16', 0, 5);
INSERT INTO `produtos` (`idProduto`, `nomeProduto`, `descProduto`, `precoCompraProduto`, `precoVendaProduto`, `dataInsercao`, `dataAtualizacao`, `qtdEstoque`, `idCategoria`) VALUES (126, 'ea', 'Iure ducimus nostrum illum delectus.', '8242.26', '4069.00', '2005-11-09', '2004-10-05', 6, 6);
INSERT INTO `produtos` (`idProduto`, `nomeProduto`, `descProduto`, `precoCompraProduto`, `precoVendaProduto`, `dataInsercao`, `dataAtualizacao`, `qtdEstoque`, `idCategoria`) VALUES (127, 'minus', 'Et est voluptas dolores officiis autem.', '4941.88', '8553.58', '1972-07-01', '2017-09-22', 7, 7);
INSERT INTO `produtos` (`idProduto`, `nomeProduto`, `descProduto`, `precoCompraProduto`, `precoVendaProduto`, `dataInsercao`, `dataAtualizacao`, `qtdEstoque`, `idCategoria`) VALUES (128, 'aut', 'Recusandae laboriosam occaecati aliquam eum qui repellat.', '6698.21', '7696.13', '1995-09-17', '1989-07-08', 6, 8);
INSERT INTO `produtos` (`idProduto`, `nomeProduto`, `descProduto`, `precoCompraProduto`, `precoVendaProduto`, `dataInsercao`, `dataAtualizacao`, `qtdEstoque`, `idCategoria`) VALUES (129, 'facere', 'Voluptates quis rerum aliquid ut.', '9846.68', '6483.18', '2013-02-01', '2003-05-26', 4, 9);
INSERT INTO `produtos` (`idProduto`, `nomeProduto`, `descProduto`, `precoCompraProduto`, `precoVendaProduto`, `dataInsercao`, `dataAtualizacao`, `qtdEstoque`, `idCategoria`) VALUES (130, 'quae', 'Qui repudiandae accusamus cumque sequi veritatis est aspernatur.', '9336.60', '6482.63', '1989-01-22', '2014-10-28', 8, 10);
INSERT INTO `produtos` (`idProduto`, `nomeProduto`, `descProduto`, `precoCompraProduto`, `precoVendaProduto`, `dataInsercao`, `dataAtualizacao`, `qtdEstoque`, `idCategoria`) VALUES (131, 'in', 'Consectetur quasi quidem id voluptas beatae.', '6775.46', '469.19', '1988-07-04', '1971-07-17', 9, 1);
INSERT INTO `produtos` (`idProduto`, `nomeProduto`, `descProduto`, `precoCompraProduto`, `precoVendaProduto`, `dataInsercao`, `dataAtualizacao`, `qtdEstoque`, `idCategoria`) VALUES (132, 'qui', 'Sit pariatur nam atque dolorem aliquam.', '4315.45', '7543.55', '1971-11-17', '1983-08-28', 4, 2);
INSERT INTO `produtos` (`idProduto`, `nomeProduto`, `descProduto`, `precoCompraProduto`, `precoVendaProduto`, `dataInsercao`, `dataAtualizacao`, `qtdEstoque`, `idCategoria`) VALUES (133, 'similique', 'Explicabo aliquid voluptatem vitae suscipit qui.', '3373.20', '8287.62', '1989-07-05', '1975-10-23', 2, 3);
INSERT INTO `produtos` (`idProduto`, `nomeProduto`, `descProduto`, `precoCompraProduto`, `precoVendaProduto`, `dataInsercao`, `dataAtualizacao`, `qtdEstoque`, `idCategoria`) VALUES (134, 'sit', 'Numquam ea nihil perferendis pariatur quam similique sit.', '9357.67', '3624.22', '2005-04-15', '1985-09-06', 0, 4);
INSERT INTO `produtos` (`idProduto`, `nomeProduto`, `descProduto`, `precoCompraProduto`, `precoVendaProduto`, `dataInsercao`, `dataAtualizacao`, `qtdEstoque`, `idCategoria`) VALUES (135, 'omnis', 'Quo praesentium suscipit laborum cum culpa sed iste veniam.', '5302.18', '9436.76', '2001-03-03', '1978-01-16', 2, 5);
INSERT INTO `produtos` (`idProduto`, `nomeProduto`, `descProduto`, `precoCompraProduto`, `precoVendaProduto`, `dataInsercao`, `dataAtualizacao`, `qtdEstoque`, `idCategoria`) VALUES (136, 'sunt', 'Repellat eaque quibusdam molestias cumque deserunt.', '3502.38', '6653.59', '2015-03-10', '1986-09-19', 4, 6);
INSERT INTO `produtos` (`idProduto`, `nomeProduto`, `descProduto`, `precoCompraProduto`, `precoVendaProduto`, `dataInsercao`, `dataAtualizacao`, `qtdEstoque`, `idCategoria`) VALUES (137, 'nulla', 'Et esse sint fuga vitae ab quibusdam.', '5169.07', '3855.83', '1972-10-11', '2017-07-07', 6, 7);
INSERT INTO `produtos` (`idProduto`, `nomeProduto`, `descProduto`, `precoCompraProduto`, `precoVendaProduto`, `dataInsercao`, `dataAtualizacao`, `qtdEstoque`, `idCategoria`) VALUES (138, 'sint', 'Et non debitis omnis voluptatem.', '2821.20', '1936.60', '1981-07-11', '2004-11-15', 0, 8);
INSERT INTO `produtos` (`idProduto`, `nomeProduto`, `descProduto`, `precoCompraProduto`, `precoVendaProduto`, `dataInsercao`, `dataAtualizacao`, `qtdEstoque`, `idCategoria`) VALUES (139, 'consequatur', 'Ex laudantium labore consequatur exercitationem enim.', '6007.51', '5560.26', '1983-07-04', '1974-02-15', 0, 9);
INSERT INTO `produtos` (`idProduto`, `nomeProduto`, `descProduto`, `precoCompraProduto`, `precoVendaProduto`, `dataInsercao`, `dataAtualizacao`, `qtdEstoque`, `idCategoria`) VALUES (140, 'libero', 'Et sapiente magnam totam excepturi dolorum et autem.', '4439.91', '5146.93', '2000-06-18', '1989-09-01', 3, 10);
INSERT INTO `produtos` (`idProduto`, `nomeProduto`, `descProduto`, `precoCompraProduto`, `precoVendaProduto`, `dataInsercao`, `dataAtualizacao`, `qtdEstoque`, `idCategoria`) VALUES (141, 'sint', 'Magni ut dolores qui dolores.', '7723.65', '3038.40', '1987-10-28', '1989-06-03', 4, 1);
INSERT INTO `produtos` (`idProduto`, `nomeProduto`, `descProduto`, `precoCompraProduto`, `precoVendaProduto`, `dataInsercao`, `dataAtualizacao`, `qtdEstoque`, `idCategoria`) VALUES (142, 'id', 'Et provident officia eos debitis voluptatem rem.', '730.43', '6945.84', '1977-11-13', '1990-01-01', 1, 2);
INSERT INTO `produtos` (`idProduto`, `nomeProduto`, `descProduto`, `precoCompraProduto`, `precoVendaProduto`, `dataInsercao`, `dataAtualizacao`, `qtdEstoque`, `idCategoria`) VALUES (143, 'inventore', 'Reprehenderit magnam rerum vero quidem ut ullam.', '3341.60', '6058.00', '2015-07-26', '1972-05-16', 5, 3);
INSERT INTO `produtos` (`idProduto`, `nomeProduto`, `descProduto`, `precoCompraProduto`, `precoVendaProduto`, `dataInsercao`, `dataAtualizacao`, `qtdEstoque`, `idCategoria`) VALUES (144, 'voluptas', 'Quaerat illo omnis deleniti delectus esse.', '6712.35', '2333.49', '1997-08-02', '2014-03-01', 7, 4);
INSERT INTO `produtos` (`idProduto`, `nomeProduto`, `descProduto`, `precoCompraProduto`, `precoVendaProduto`, `dataInsercao`, `dataAtualizacao`, `qtdEstoque`, `idCategoria`) VALUES (145, 'praesentium', 'Id sit ea necessitatibus dolorem delectus in.', '1459.87', '7117.77', '2005-11-29', '1990-02-25', 7, 5);
INSERT INTO `produtos` (`idProduto`, `nomeProduto`, `descProduto`, `precoCompraProduto`, `precoVendaProduto`, `dataInsercao`, `dataAtualizacao`, `qtdEstoque`, `idCategoria`) VALUES (146, 'ducimus', 'Accusantium exercitationem minima et.', '7306.35', '80.45', '2017-07-05', '1980-09-14', 8, 6);
INSERT INTO `produtos` (`idProduto`, `nomeProduto`, `descProduto`, `precoCompraProduto`, `precoVendaProduto`, `dataInsercao`, `dataAtualizacao`, `qtdEstoque`, `idCategoria`) VALUES (147, 'aut', 'Deleniti quia sint eius nam.', '9141.65', '2729.53', '2003-11-10', '1981-01-30', 6, 7);
INSERT INTO `produtos` (`idProduto`, `nomeProduto`, `descProduto`, `precoCompraProduto`, `precoVendaProduto`, `dataInsercao`, `dataAtualizacao`, `qtdEstoque`, `idCategoria`) VALUES (148, 'aut', 'Ut quia dolore consequatur est aut natus.', '8947.25', '993.72', '1992-04-16', '1972-05-29', 6, 8);
INSERT INTO `produtos` (`idProduto`, `nomeProduto`, `descProduto`, `precoCompraProduto`, `precoVendaProduto`, `dataInsercao`, `dataAtualizacao`, `qtdEstoque`, `idCategoria`) VALUES (149, 'sit', 'Id omnis accusamus officia iure et.', '3252.40', '895.69', '1988-10-12', '1995-07-13', 5, 9);
INSERT INTO `produtos` (`idProduto`, `nomeProduto`, `descProduto`, `precoCompraProduto`, `precoVendaProduto`, `dataInsercao`, `dataAtualizacao`, `qtdEstoque`, `idCategoria`) VALUES (150, 'quibusdam', 'Impedit cumque omnis cum.', '2853.56', '5804.36', '1972-03-17', '1977-11-06', 9, 10);
INSERT INTO `produtos` (`idProduto`, `nomeProduto`, `descProduto`, `precoCompraProduto`, `precoVendaProduto`, `dataInsercao`, `dataAtualizacao`, `qtdEstoque`, `idCategoria`) VALUES (151, 'porro', 'Repellat repellendus dignissimos consequatur sit.', '111.26', '6345.96', '2005-03-17', '2017-04-02', 9, 1);
INSERT INTO `produtos` (`idProduto`, `nomeProduto`, `descProduto`, `precoCompraProduto`, `precoVendaProduto`, `dataInsercao`, `dataAtualizacao`, `qtdEstoque`, `idCategoria`) VALUES (152, 'adipisci', 'Ut dolor pariatur aut distinctio perspiciatis et.', '4042.75', '9245.90', '2011-07-23', '1971-03-22', 6, 2);
INSERT INTO `produtos` (`idProduto`, `nomeProduto`, `descProduto`, `precoCompraProduto`, `precoVendaProduto`, `dataInsercao`, `dataAtualizacao`, `qtdEstoque`, `idCategoria`) VALUES (153, 'nulla', 'Dicta aperiam perferendis ut non suscipit.', '8070.36', '928.98', '2018-12-17', '1994-03-30', 1, 3);
INSERT INTO `produtos` (`idProduto`, `nomeProduto`, `descProduto`, `precoCompraProduto`, `precoVendaProduto`, `dataInsercao`, `dataAtualizacao`, `qtdEstoque`, `idCategoria`) VALUES (154, 'tempora', 'Velit aliquid perferendis ut et numquam et.', '2382.18', '8921.71', '2004-10-04', '2010-08-31', 0, 4);
INSERT INTO `produtos` (`idProduto`, `nomeProduto`, `descProduto`, `precoCompraProduto`, `precoVendaProduto`, `dataInsercao`, `dataAtualizacao`, `qtdEstoque`, `idCategoria`) VALUES (155, 'quibusdam', 'Doloribus quo sit totam nobis voluptatem itaque.', '1956.61', '4009.50', '1985-09-17', '2019-10-13', 0, 5);
INSERT INTO `produtos` (`idProduto`, `nomeProduto`, `descProduto`, `precoCompraProduto`, `precoVendaProduto`, `dataInsercao`, `dataAtualizacao`, `qtdEstoque`, `idCategoria`) VALUES (156, 'laboriosam', 'Rerum vero qui est et placeat aspernatur perferendis.', '9797.03', '8322.55', '2001-07-02', '1977-04-10', 9, 6);
INSERT INTO `produtos` (`idProduto`, `nomeProduto`, `descProduto`, `precoCompraProduto`, `precoVendaProduto`, `dataInsercao`, `dataAtualizacao`, `qtdEstoque`, `idCategoria`) VALUES (157, 'non', 'Corporis reprehenderit non delectus possimus asperiores.', '10.22', '6838.83', '2010-01-20', '1999-08-26', 4, 7);
INSERT INTO `produtos` (`idProduto`, `nomeProduto`, `descProduto`, `precoCompraProduto`, `precoVendaProduto`, `dataInsercao`, `dataAtualizacao`, `qtdEstoque`, `idCategoria`) VALUES (158, 'ut', 'At quo maxime est beatae.', '8578.58', '3110.46', '2020-06-28', '1980-12-14', 2, 8);
INSERT INTO `produtos` (`idProduto`, `nomeProduto`, `descProduto`, `precoCompraProduto`, `precoVendaProduto`, `dataInsercao`, `dataAtualizacao`, `qtdEstoque`, `idCategoria`) VALUES (159, 'explicabo', 'Illo error cupiditate nihil quasi atque culpa.', '1170.00', '542.13', '2016-06-23', '1987-12-07', 3, 9);
INSERT INTO `produtos` (`idProduto`, `nomeProduto`, `descProduto`, `precoCompraProduto`, `precoVendaProduto`, `dataInsercao`, `dataAtualizacao`, `qtdEstoque`, `idCategoria`) VALUES (160, 'soluta', 'Iure maxime cumque itaque unde necessitatibus consequatur ea.', '6114.98', '9360.32', '1990-05-22', '2007-07-20', 3, 10);
INSERT INTO `produtos` (`idProduto`, `nomeProduto`, `descProduto`, `precoCompraProduto`, `precoVendaProduto`, `dataInsercao`, `dataAtualizacao`, `qtdEstoque`, `idCategoria`) VALUES (161, 'dolorum', 'Assumenda a et omnis nobis cumque officia a.', '7599.74', '7413.03', '1999-10-11', '2001-08-02', 5, 1);
INSERT INTO `produtos` (`idProduto`, `nomeProduto`, `descProduto`, `precoCompraProduto`, `precoVendaProduto`, `dataInsercao`, `dataAtualizacao`, `qtdEstoque`, `idCategoria`) VALUES (162, 'ea', 'Voluptate est ex ducimus nemo.', '2519.74', '4877.30', '2002-07-29', '2018-05-25', 9, 2);
INSERT INTO `produtos` (`idProduto`, `nomeProduto`, `descProduto`, `precoCompraProduto`, `precoVendaProduto`, `dataInsercao`, `dataAtualizacao`, `qtdEstoque`, `idCategoria`) VALUES (163, 'aut', 'Doloremque voluptatem placeat officia quia eveniet veritatis sequi quas.', '7972.24', '5037.68', '1997-07-21', '1986-11-12', 0, 3);
INSERT INTO `produtos` (`idProduto`, `nomeProduto`, `descProduto`, `precoCompraProduto`, `precoVendaProduto`, `dataInsercao`, `dataAtualizacao`, `qtdEstoque`, `idCategoria`) VALUES (164, 'et', 'Quod laboriosam quis dolorem asperiores illo.', '9849.06', '8025.20', '2003-03-30', '1986-07-17', 9, 4);
INSERT INTO `produtos` (`idProduto`, `nomeProduto`, `descProduto`, `precoCompraProduto`, `precoVendaProduto`, `dataInsercao`, `dataAtualizacao`, `qtdEstoque`, `idCategoria`) VALUES (165, 'doloremque', 'Aut temporibus qui sunt neque vel.', '5639.35', '6151.20', '2012-03-07', '2010-05-23', 1, 5);
INSERT INTO `produtos` (`idProduto`, `nomeProduto`, `descProduto`, `precoCompraProduto`, `precoVendaProduto`, `dataInsercao`, `dataAtualizacao`, `qtdEstoque`, `idCategoria`) VALUES (166, 'ut', 'Vel ea sed commodi aperiam voluptate animi non.', '2209.64', '5758.87', '1985-05-18', '1986-10-25', 5, 6);
INSERT INTO `produtos` (`idProduto`, `nomeProduto`, `descProduto`, `precoCompraProduto`, `precoVendaProduto`, `dataInsercao`, `dataAtualizacao`, `qtdEstoque`, `idCategoria`) VALUES (167, 'odio', 'Et facere dolores molestiae et consequuntur ex.', '38.67', '5105.82', '1977-04-09', '2007-03-11', 2, 7);
INSERT INTO `produtos` (`idProduto`, `nomeProduto`, `descProduto`, `precoCompraProduto`, `precoVendaProduto`, `dataInsercao`, `dataAtualizacao`, `qtdEstoque`, `idCategoria`) VALUES (168, 'enim', 'Beatae sit tempora amet molestiae eligendi aspernatur doloremque.', '7548.99', '3335.29', '2016-02-16', '2014-05-27', 0, 8);
INSERT INTO `produtos` (`idProduto`, `nomeProduto`, `descProduto`, `precoCompraProduto`, `precoVendaProduto`, `dataInsercao`, `dataAtualizacao`, `qtdEstoque`, `idCategoria`) VALUES (169, 'aut', 'Veritatis expedita laboriosam voluptatibus possimus quisquam quisquam consequatur.', '9998.68', '6696.81', '1993-12-16', '1974-01-06', 6, 9);
INSERT INTO `produtos` (`idProduto`, `nomeProduto`, `descProduto`, `precoCompraProduto`, `precoVendaProduto`, `dataInsercao`, `dataAtualizacao`, `qtdEstoque`, `idCategoria`) VALUES (170, 'dolores', 'Repellat doloribus assumenda sint molestiae.', '2846.30', '1157.50', '1989-11-02', '1996-04-15', 5, 10);
INSERT INTO `produtos` (`idProduto`, `nomeProduto`, `descProduto`, `precoCompraProduto`, `precoVendaProduto`, `dataInsercao`, `dataAtualizacao`, `qtdEstoque`, `idCategoria`) VALUES (171, 'qui', 'Quia ut atque eligendi consequatur velit.', '4071.44', '227.17', '2017-06-30', '1976-04-19', 9, 1);
INSERT INTO `produtos` (`idProduto`, `nomeProduto`, `descProduto`, `precoCompraProduto`, `precoVendaProduto`, `dataInsercao`, `dataAtualizacao`, `qtdEstoque`, `idCategoria`) VALUES (172, 'rerum', 'Voluptates quisquam aut repellendus rem corrupti sed illo.', '935.90', '5312.77', '2003-02-15', '1977-10-28', 9, 2);
INSERT INTO `produtos` (`idProduto`, `nomeProduto`, `descProduto`, `precoCompraProduto`, `precoVendaProduto`, `dataInsercao`, `dataAtualizacao`, `qtdEstoque`, `idCategoria`) VALUES (173, 'laboriosam', 'Neque placeat eaque eum saepe.', '1963.56', '196.95', '1989-04-02', '1971-10-01', 0, 3);
INSERT INTO `produtos` (`idProduto`, `nomeProduto`, `descProduto`, `precoCompraProduto`, `precoVendaProduto`, `dataInsercao`, `dataAtualizacao`, `qtdEstoque`, `idCategoria`) VALUES (174, 'qui', 'Veniam accusantium consectetur nostrum dolor.', '5044.65', '3668.47', '1973-04-12', '1992-03-13', 7, 4);
INSERT INTO `produtos` (`idProduto`, `nomeProduto`, `descProduto`, `precoCompraProduto`, `precoVendaProduto`, `dataInsercao`, `dataAtualizacao`, `qtdEstoque`, `idCategoria`) VALUES (175, 'reprehenderit', 'Temporibus modi quam nulla qui eum.', '5460.09', '1473.56', '2012-12-26', '2011-01-31', 9, 5);
INSERT INTO `produtos` (`idProduto`, `nomeProduto`, `descProduto`, `precoCompraProduto`, `precoVendaProduto`, `dataInsercao`, `dataAtualizacao`, `qtdEstoque`, `idCategoria`) VALUES (176, 'et', 'Nihil rem et et consequatur nisi qui.', '8768.88', '2301.31', '1987-06-12', '1972-05-03', 1, 6);
INSERT INTO `produtos` (`idProduto`, `nomeProduto`, `descProduto`, `precoCompraProduto`, `precoVendaProduto`, `dataInsercao`, `dataAtualizacao`, `qtdEstoque`, `idCategoria`) VALUES (177, 'quo', 'Praesentium quibusdam error ducimus aut iste.', '641.40', '2681.46', '2013-07-03', '1984-03-31', 2, 7);
INSERT INTO `produtos` (`idProduto`, `nomeProduto`, `descProduto`, `precoCompraProduto`, `precoVendaProduto`, `dataInsercao`, `dataAtualizacao`, `qtdEstoque`, `idCategoria`) VALUES (178, 'fugit', 'Voluptatem voluptas ut ea molestiae velit consequatur expedita nihil.', '5863.22', '9807.57', '1980-06-14', '1981-12-15', 7, 8);
INSERT INTO `produtos` (`idProduto`, `nomeProduto`, `descProduto`, `precoCompraProduto`, `precoVendaProduto`, `dataInsercao`, `dataAtualizacao`, `qtdEstoque`, `idCategoria`) VALUES (179, 'corrupti', 'Dolore commodi alias tempore illo.', '1264.41', '2241.12', '1992-07-24', '1975-02-15', 9, 9);
INSERT INTO `produtos` (`idProduto`, `nomeProduto`, `descProduto`, `precoCompraProduto`, `precoVendaProduto`, `dataInsercao`, `dataAtualizacao`, `qtdEstoque`, `idCategoria`) VALUES (180, 'quo', 'Vitae reiciendis enim veniam ratione ut.', '8414.26', '9725.32', '1989-03-16', '1976-04-26', 0, 10);
INSERT INTO `produtos` (`idProduto`, `nomeProduto`, `descProduto`, `precoCompraProduto`, `precoVendaProduto`, `dataInsercao`, `dataAtualizacao`, `qtdEstoque`, `idCategoria`) VALUES (181, 'libero', 'Aliquid dolor culpa qui aperiam dignissimos exercitationem.', '9799.51', '6225.44', '2018-08-22', '2012-07-14', 4, 1);
INSERT INTO `produtos` (`idProduto`, `nomeProduto`, `descProduto`, `precoCompraProduto`, `precoVendaProduto`, `dataInsercao`, `dataAtualizacao`, `qtdEstoque`, `idCategoria`) VALUES (182, 'culpa', 'Sed laboriosam esse est et eaque molestias illum unde.', '8102.15', '3641.38', '1970-02-04', '1985-05-20', 8, 2);
INSERT INTO `produtos` (`idProduto`, `nomeProduto`, `descProduto`, `precoCompraProduto`, `precoVendaProduto`, `dataInsercao`, `dataAtualizacao`, `qtdEstoque`, `idCategoria`) VALUES (183, 'in', 'Adipisci earum non omnis veritatis odio sit repudiandae.', '2593.51', '7451.60', '2007-03-30', '1977-09-10', 0, 3);
INSERT INTO `produtos` (`idProduto`, `nomeProduto`, `descProduto`, `precoCompraProduto`, `precoVendaProduto`, `dataInsercao`, `dataAtualizacao`, `qtdEstoque`, `idCategoria`) VALUES (184, 'nihil', 'Est necessitatibus autem placeat ipsum.', '3051.45', '6449.50', '2006-04-15', '2007-12-11', 9, 4);
INSERT INTO `produtos` (`idProduto`, `nomeProduto`, `descProduto`, `precoCompraProduto`, `precoVendaProduto`, `dataInsercao`, `dataAtualizacao`, `qtdEstoque`, `idCategoria`) VALUES (185, 'explicabo', 'Vero nisi alias omnis.', '4478.95', '6550.01', '1993-11-03', '2003-11-19', 2, 5);
INSERT INTO `produtos` (`idProduto`, `nomeProduto`, `descProduto`, `precoCompraProduto`, `precoVendaProduto`, `dataInsercao`, `dataAtualizacao`, `qtdEstoque`, `idCategoria`) VALUES (186, 'dolor', 'Atque porro et dolores.', '9052.93', '7449.84', '1985-08-17', '1979-07-20', 9, 6);
INSERT INTO `produtos` (`idProduto`, `nomeProduto`, `descProduto`, `precoCompraProduto`, `precoVendaProduto`, `dataInsercao`, `dataAtualizacao`, `qtdEstoque`, `idCategoria`) VALUES (187, 'ut', 'Ut est reiciendis consequatur neque.', '1502.26', '913.03', '1991-10-08', '1975-01-27', 4, 7);
INSERT INTO `produtos` (`idProduto`, `nomeProduto`, `descProduto`, `precoCompraProduto`, `precoVendaProduto`, `dataInsercao`, `dataAtualizacao`, `qtdEstoque`, `idCategoria`) VALUES (188, 'ea', 'Qui voluptatibus iure facere eius voluptate dolores iste.', '8341.03', '9431.68', '1970-01-05', '1982-12-06', 1, 8);
INSERT INTO `produtos` (`idProduto`, `nomeProduto`, `descProduto`, `precoCompraProduto`, `precoVendaProduto`, `dataInsercao`, `dataAtualizacao`, `qtdEstoque`, `idCategoria`) VALUES (189, 'fuga', 'Sequi neque asperiores sint dolores doloribus ut.', '4096.95', '8495.19', '1998-11-09', '1973-08-10', 5, 9);
INSERT INTO `produtos` (`idProduto`, `nomeProduto`, `descProduto`, `precoCompraProduto`, `precoVendaProduto`, `dataInsercao`, `dataAtualizacao`, `qtdEstoque`, `idCategoria`) VALUES (190, 'numquam', 'Illum distinctio dolor non vel modi.', '2576.80', '7259.13', '2007-08-05', '1979-04-14', 9, 10);
INSERT INTO `produtos` (`idProduto`, `nomeProduto`, `descProduto`, `precoCompraProduto`, `precoVendaProduto`, `dataInsercao`, `dataAtualizacao`, `qtdEstoque`, `idCategoria`) VALUES (191, 'perspiciatis', 'Ipsa quod qui accusantium.', '3791.71', '5557.22', '1999-08-09', '2005-02-03', 6, 1);
INSERT INTO `produtos` (`idProduto`, `nomeProduto`, `descProduto`, `precoCompraProduto`, `precoVendaProduto`, `dataInsercao`, `dataAtualizacao`, `qtdEstoque`, `idCategoria`) VALUES (192, 'libero', 'Aut rerum voluptas alias ex.', '8274.11', '6711.64', '2018-04-29', '1980-03-01', 1, 2);
INSERT INTO `produtos` (`idProduto`, `nomeProduto`, `descProduto`, `precoCompraProduto`, `precoVendaProduto`, `dataInsercao`, `dataAtualizacao`, `qtdEstoque`, `idCategoria`) VALUES (193, 'alias', 'Vel vero veniam repudiandae quidem culpa nobis at.', '6558.29', '1982.29', '1997-11-25', '1992-01-26', 1, 3);
INSERT INTO `produtos` (`idProduto`, `nomeProduto`, `descProduto`, `precoCompraProduto`, `precoVendaProduto`, `dataInsercao`, `dataAtualizacao`, `qtdEstoque`, `idCategoria`) VALUES (194, 'ducimus', 'Voluptas occaecati incidunt numquam eum qui dolores ea.', '8968.20', '4789.16', '2013-03-05', '1985-09-19', 2, 4);
INSERT INTO `produtos` (`idProduto`, `nomeProduto`, `descProduto`, `precoCompraProduto`, `precoVendaProduto`, `dataInsercao`, `dataAtualizacao`, `qtdEstoque`, `idCategoria`) VALUES (195, 'enim', 'Neque suscipit quia autem voluptates assumenda culpa fugiat.', '8654.55', '1240.79', '2017-07-16', '1997-08-05', 2, 5);
INSERT INTO `produtos` (`idProduto`, `nomeProduto`, `descProduto`, `precoCompraProduto`, `precoVendaProduto`, `dataInsercao`, `dataAtualizacao`, `qtdEstoque`, `idCategoria`) VALUES (196, 'est', 'Eos eaque dolorum voluptatum quia repellat.', '7967.67', '4232.00', '2005-02-07', '1996-09-21', 2, 6);
INSERT INTO `produtos` (`idProduto`, `nomeProduto`, `descProduto`, `precoCompraProduto`, `precoVendaProduto`, `dataInsercao`, `dataAtualizacao`, `qtdEstoque`, `idCategoria`) VALUES (197, 'voluptatem', 'Dolores minus nostrum magnam quis et praesentium sed.', '7763.48', '5325.55', '1971-03-30', '1995-09-03', 8, 7);
INSERT INTO `produtos` (`idProduto`, `nomeProduto`, `descProduto`, `precoCompraProduto`, `precoVendaProduto`, `dataInsercao`, `dataAtualizacao`, `qtdEstoque`, `idCategoria`) VALUES (198, 'omnis', 'Ab hic dicta aut ratione quo temporibus dignissimos.', '5770.55', '128.10', '2007-05-02', '1987-05-02', 1, 8);
INSERT INTO `produtos` (`idProduto`, `nomeProduto`, `descProduto`, `precoCompraProduto`, `precoVendaProduto`, `dataInsercao`, `dataAtualizacao`, `qtdEstoque`, `idCategoria`) VALUES (199, 'beatae', 'Nemo explicabo provident est aut asperiores exercitationem quaerat.', '2682.63', '6178.98', '2005-10-30', '2014-06-29', 2, 9);
INSERT INTO `produtos` (`idProduto`, `nomeProduto`, `descProduto`, `precoCompraProduto`, `precoVendaProduto`, `dataInsercao`, `dataAtualizacao`, `qtdEstoque`, `idCategoria`) VALUES (200, 'blanditiis', 'Dignissimos sint quam accusamus deserunt sit et.', '1102.92', '2995.46', '2002-07-07', '1989-07-29', 9, 10);